ts	phase	decision	why	evidence	result
2026-09-21T13:27:20Z	frame	Integrate reviewed implementation 94f7cac	Build on the user implementation and preserve the browser requirement	docs/architecture/nesvor-implementation-review.md	baseline integrated
2026-09-21T13:48:51Z	verification	Expose CPU reference as explicitly experimental, not full browser NeSVoR	Full GPU training, complete SVoRT, and upstream numerical parity remain unavailable	packages/nesvor tests; production worker e2e; pinned source review	Small local fits work; browser-port completion gate remains open
2026-09-21T13:48:51Z	security	Pair separate client owners and retain jobs until explicit deletion or expiry	Installation-wide credentials and automatic deletion broke ownership and reload recovery	Rust integration and protocol tests; production reload recovery test	Jobs recover across server and tab restarts within retention
2026-09-21T14:02:38Z	delivery	Build Linux binary and frontend archive, keep publication gated	User requested downloadable backend; scientific assets and CUDA validation are not proven	release Rust binary, package dependency checker, archive tests, no NVIDIA runtime in Docker capabilities	Reviewable local archive produced; draft-release workflow prepared; no public release claimed
2026-09-21T14:04:28Z	verification	Require physical slice-thickness confirmation and preserve inputs atomically	NIfTI spacing is not necessarily acquisition thickness; partial import must not relabel an examination	10 production Playwright tests pass, multiseries DICOM workflow passes, screenshots reviewed	Both execution modes require confirmation; failed imports keep prior examination
2026-09-21T16:54:45Z	verification	Implement bounded GPU field and full default objective	Preserve the effective batch and compare real execution with independent upstream code	packages/nesvor/src/gpu/verify.mjs; packages/nesvor/test/upstream-training.test.js	SwiftShader full-update max loss error3.38e-8; parameter error7.46e-9; CUDA parity unverified
2026-09-21T16:54:45Z	verification	Export actual frozen SVoRT networks and test Chromium WASM predictions	Injected learned stubs cannot establish a usable browser registration path	packages/nesvor/src/registration/export_svort.py; verify-onnx.mjs; svort-manifest.json	Both subgraphs pass0.001mm coordinate and0.0001score bounds; full registration and hosted asset publication unfinished
2026-09-21T17:02:30Z	verification	Isolate NiiVue rendering from the compute worker GPU lifetime	Screenshot review caught a blank output despite successful numerical output; input rendered before the worker ran	apps/nesvor/e2e/smoke.spec.js WebGPU test now asserts input/output viewer visibility; screenshot review	NiiVue WebGL2 renderer survives compute worker termination; WebGPU inference retained
2026-09-21T17:26:38Z	optional-browser	Integrate actual N4, MONAIfbs and deformable reconstruction	Complete the methods exposed by all three protocols without changing their numerical budgets	packages/nesvor/src/{n4,masking,deformation}; production app eleven tests; upstream full-objective oracle; fetal mask comparison	VERIFIED at component and bounded integration level; full acquisition remains open
2026-09-21T17:30:49Z	verification	Run learned SVoRT feedback on pinned fetal input subsets	Frozen graph tests alone do not cover acquisition, SRR, NCC selection or transform propagation	packages/nesvor/src/registration/verify-pipeline.mjs; pinned three-stack subsets; four learned iterations; 200 cubed SRR grid	VERIFIED execution in376s; NCC0.9272 versus0.7748; full-acquisition upstream comparison remains NOT VERIFIED
2026-09-21T17:30:49Z	verification	Require actual hardware and full preset in acquisition gate	SwiftShader component tests cannot establish practical full reconstruction	scripts/verify-nesvor-browser.mjs; test/nesvor-browser-validation.test.mjs	Gate implemented; hardware full-acquisition run NOT VERIFIED because only software WebGPU is available
2026-09-24T23:51:25+00:00	performance	Use ONNX WebGPU for MONAIfbs; retain WASM for SVoRT	Single-thread masking was the reported bottleneck; preserve model and all eight augmentations	GPU logits pass; eight-pass three-slice mask Dice 1 with zero disagreements; SVoRT fixtures and production initialization/cancellation pass	Live preview updated; hardware speedup and full-acquisition validation remain unverified
